<?xml version="1.0" encoding="utf-8"?>
<Skill xmlns:xsi="http://www.w3.org/2001/XMLSchema-instance" xmlns:xsd="http://www.w3.org/2001/XMLSchema">
  <Skill_id>3</Skill_id>
  <Skill_name>no.3</Skill_name>
  <Skill_attack>9.5</Skill_attack>
  <Skill_CD>2.3</Skill_CD>
  <Skill_tattack>0</Skill_tattack>
  <Skill_time>0</Skill_time>
  <Skill_Dir>5</Skill_Dir>
  <BuffType>
    <BuffTime>0</BuffTime>
    <BuffMission>0</BuffMission>
    <PlayerBuff>NONE</PlayerBuff>
    <MonsterBuff>POISIONDAMAGE</MonsterBuff>
    <BuffData>0</BuffData>
    <IsEnd>false</IsEnd>
    <IsAdd>false</IsAdd>
  </BuffType>
  <ResName>F:\allprojects\unitypro\Nonstop_Finger\Assets\Data\skill03.jpg</ResName>
</Skill>