<?xml version="1.0" encoding="gb2312"?>
<Skill xmlns:xsi="http://www.w3.org/2001/XMLSchema-instance" xmlns:xsd="http://www.w3.org/2001/XMLSchema">
  <Skill_id>6</Skill_id>
  <Skill_name>no.6</Skill_name>
  <Skill_attack>12.5</Skill_attack>
  <Skill_CD>7</Skill_CD>
  <Skill_tattack>0</Skill_tattack>
  <Skill_time>0</Skill_time>
  <Skill_Dir>5</Skill_Dir>
  <BuffType>
    <BuffTime>0</BuffTime>
    <BuffMission>0</BuffMission>
    <PlayerBuff>NONE</PlayerBuff>
    <MonsterBuff>FIREDAMAGE</MonsterBuff>
    <BuffData>0</BuffData>
    <IsEnd>false</IsEnd>
    <IsAdd>false</IsAdd>
  </BuffType>
  <ResName />
</Skill>